[
  {
    "epoch": 1,
    "train": {
      "fgvc": {
        "cls_loss": 4.622853558293773,
        "seg_loss": 0.0,
        "clip_loss": 3.473622993430336,
        "total_loss": 6.3596650726007145,
        "accuracy": 0.008098380323935212
      },
      "planesnet": {
        "cls_loss": 0.3364730912198623,
        "seg_loss": 0.0,
        "clip_loss": 3.2546983014212714,
        "total_loss": 1.9638222400347392,
        "accuracy": 0.8570486111111111
      },
      "hrplanes": {
        "cls_loss": 0.40756133332769706,
        "seg_loss": 0.7583813478076269,
        "clip_loss": 3.455092061764349,
        "total_loss": 2.362621750150408,
        "accuracy": 0.9841269841269841
      }
    },
    "val": {
      "planesnet": {
        "loss": 0.23560246579349042,
        "accuracy": 0.9240625,
        "seg_loss": 0.0
      },
      "hrplanes": {
        "loss": 0.1399814337491989,
        "accuracy": 1.0,
        "seg_loss": 0.7528521418571472
      },
      "fgvc": {
        "loss": 4.606457909413225,
        "accuracy": 0.012601260126012601,
        "seg_loss": 0.0
      }
    }
  },
  {
    "epoch": 2,
    "train": {
      "planesnet": {
        "cls_loss": 0.20779794584752784,
        "seg_loss": 0.0,
        "clip_loss": 3.1239699766370985,
        "total_loss": 1.7697829312748379,
        "accuracy": 0.9225347222222222
      },
      "fgvc": {
        "cls_loss": 4.601651079295707,
        "seg_loss": 0.0,
        "clip_loss": 3.457272586238978,
        "total_loss": 6.330287367838475,
        "accuracy": 0.013497300539892022
      },
      "hrplanes": {
        "cls_loss": 0.13712510442922984,
        "seg_loss": 0.6954871762997259,
        "clip_loss": 3.4557707524173473,
        "total_loss": 2.0736566687387135,
        "accuracy": 0.9788359788359788
      }
    },
    "val": {
      "planesnet": {
        "loss": 0.1195137875340879,
        "accuracy": 0.95625,
        "seg_loss": 0.0
      },
      "hrplanes": {
        "loss": 0.039185453206300735,
        "accuracy": 1.0,
        "seg_loss": 0.7590872645378113
      },
      "fgvc": {
        "loss": 4.581723612062286,
        "accuracy": 0.016201620162016202,
        "seg_loss": 0.0
      }
    }
  },
  {
    "epoch": 3,
    "train": {
      "fgvc": {
        "cls_loss": 4.563865342108733,
        "seg_loss": 0.0,
        "clip_loss": 3.4335510890928655,
        "total_loss": 6.280640856691943,
        "accuracy": 0.019496100779844032
      },
      "planesnet": {
        "cls_loss": 0.16725591817767255,
        "seg_loss": 0.0,
        "clip_loss": 3.0818942170672945,
        "total_loss": 1.70820302579138,
        "accuracy": 0.9389930555555556
      },
      "hrplanes": {
        "cls_loss": 0.03926143709511038,
        "seg_loss": 0.6212837579389098,
        "clip_loss": 3.453262107082145,
        "total_loss": 1.9522776357711307,
        "accuracy": 1.0
      }
    },
    "val": {
      "planesnet": {
        "loss": 0.12849917147308587,
        "accuracy": 0.9578125,
        "seg_loss": 0.0
      },
      "hrplanes": {
        "loss": 0.0059228986501693726,
        "accuracy": 1.0,
        "seg_loss": 2.6441733837127686
      },
      "fgvc": {
        "loss": 4.5970842801805665,
        "accuracy": 0.014701470147014702,
        "seg_loss": 0.0
      }
    }
  },
  {
    "epoch": 4,
    "train": {
      "planesnet": {
        "cls_loss": 0.14514365559547313,
        "seg_loss": 0.0,
        "clip_loss": 3.0613807259665595,
        "total_loss": 1.6758340190516579,
        "accuracy": 0.9475694444444445
      },
      "fgvc": {
        "cls_loss": 4.515271614466017,
        "seg_loss": 0.0,
        "clip_loss": 3.4172343275256694,
        "total_loss": 6.223888789670655,
        "accuracy": 0.01769646070785843
      },
      "hrplanes": {
        "cls_loss": 0.014429898227924707,
        "seg_loss": 0.5470160397272261,
        "clip_loss": 3.455670948381777,
        "total_loss": 1.9063701516106015,
        "accuracy": 0.9947089947089947
      }
    },
    "val": {
      "planesnet": {
        "loss": 0.09747712846379727,
        "accuracy": 0.9653125,
        "seg_loss": 0.0
      },
      "hrplanes": {
        "loss": 0.0006887121708132327,
        "accuracy": 1.0,
        "seg_loss": 1.1474146842956543
      },
      "fgvc": {
        "loss": 4.534970333724275,
        "accuracy": 0.022502250225022502,
        "seg_loss": 0.0
      }
    }
  },
  {
    "epoch": 5,
    "train": {
      "fgvc": {
        "cls_loss": 4.473483495248887,
        "seg_loss": 0.0,
        "clip_loss": 3.4037283147675734,
        "total_loss": 6.175347651703027,
        "accuracy": 0.026394721055788842
      },
      "planesnet": {
        "cls_loss": 0.13185863003082987,
        "seg_loss": 0.0,
        "clip_loss": 3.048142114745246,
        "total_loss": 1.655929689142439,
        "accuracy": 0.953125
      },
      "hrplanes": {
        "cls_loss": 0.012693542927976639,
        "seg_loss": 0.49755754972261096,
        "clip_loss": 3.4528155629597013,
        "total_loss": 1.8883686008907499,
        "accuracy": 0.9947089947089947
      }
    },
    "val": {
      "planesnet": {
        "loss": 0.07580212459899485,
        "accuracy": 0.9746875,
        "seg_loss": 0.0
      },
      "hrplanes": {
        "loss": 0.0002474395150784403,
        "accuracy": 1.0,
        "seg_loss": 0.8340584635734558
      },
      "fgvc": {
        "loss": 4.513017855855105,
        "accuracy": 0.023702370237023703,
        "seg_loss": 0.0
      }
    }
  }
]