[
  {
    "epoch": 1,
    "train": {
      "planesnet": {
        "cls_loss": 0.3233471567100949,
        "seg_loss": 0.0,
        "clip_loss": 3.931781003740099,
        "total_loss": 2.28923766401079,
        "accuracy": 0.8623263888888889
      },
      "fgvc": {
        "cls_loss": 4.619621415873381,
        "seg_loss": 0.0,
        "clip_loss": 4.169352062176142,
        "total_loss": 6.704297451323639,
        "accuracy": 0.008698260347930415
      },
      "hrplanes": {
        "cls_loss": 0.43689918730940136,
        "seg_loss": 0.7663982532642506,
        "clip_loss": 4.152544170460373,
        "total_loss": 2.7430907456332414,
        "accuracy": 0.9153439153439153
      }
    },
    "val": {
      "planesnet": {
        "loss": 0.3189397835731506,
        "accuracy": 0.8490625,
        "seg_loss": 0.0
      },
      "hrplanes": {
        "loss": 0.313608855009079,
        "accuracy": 0.9047619047619048,
        "seg_loss": 0.7705590128898621
      },
      "fgvc": {
        "loss": 4.602617653647307,
        "accuracy": 0.012301230123012302,
        "seg_loss": 0.0
      }
    }
  }
]